merchant_clean,merged_merchant
AMERICANGIR,AMERICAN GIRL
GIRLSCOUTSU,GIRL SCOUTS
BROOKFIELD WI00744P,BROOKFIELD WI
BROOKFIELD WI02094P,BROOKFIELD WI
BROOKFIELD WI02408P,BROOKFIELD WI
BROOKFIELD WI02834P,BROOKFIELD WI
BROOKFIELD WI03069P,BROOKFIELD WI
OLIV,ORO DI OLIVA
OLIVA,ORO DI OLIVA
DICKSSPORTI,DICKS SPORTING
SPECTRUM MORC1008309513,SPECTRUM
SPECTRUM MORC1050905953,SPECTRUM
SPECTRUM MORC885127620,SPECTRUM
SPECTRUM MORC948511720,SPECTRUM
AMZN MKTP,AMZN MKTPL
SOLUTIONS MOMENTPATH,RIGHT AT SCHOOL
RIGHT SCHOOL,RIGHT AT SCHOOL
YOUR FACE,LYF SKINCARE
GLOSS TOSA,LYF SKINCARE